{"provider_names": ["claude-haiku-4-5", "claude-sonnet-4-6", "claude-opus-4-6", "gpt-4o-mini", "gpt-4o"], "categories": ["code", "reasoning", "creative", "factual", "chat"], "rel_states": {"claude-haiku-4-5": {"log_weights": [-1.525085447565379, -1.6505655597694926, -1.9705347701814842, -3.0107203116138264, -3.2088557863008536, -3.241577647002573, -3.2633270316110146, -3.300340536817462, -3.340176736139183, -3.6774536323287688, -3.792858882830992, -3.8031600750182566, -3.864210334707944, -3.885956148409525, -3.8886812004098728, -3.9029743563104553, -4.050476557259913, -4.099862822294472, -4.355767384307094, -4.370210018130879], "components": [[[1.0, 3.0], [1.0, 1.0], [1.0, 1.0], [40.0, 2.0], [73.0, 1.0]], [[1.0, 3.0], [1.0, 1.0], [1.0, 1.0], [41.0, 2.0], [72.0, 1.0]], [[1.0, 2.0], [1.0, 2.0], [1.0, 1.0], [40.0, 2.0], [73.0, 1.0]], [[1.0, 1.0], [1.0, 1.0], [1.0, 2.0], [41.0, 3.0], [72.0, 1.0]], [[1.0, 1.0], [1.0, 2.0], [1.0, 1.0], [41.0, 3.0], [72.0, 1.0]], [[1.0, 1.0], [1.0, 2.0], [1.0, 1.0], [40.0, 3.0], [73.0, 1.0]], [[1.0, 2.0], [1.0, 1.0], [1.0, 1.0], [40.0, 3.0], [73.0, 1.0]], [[1.0, 1.0], [1.0, 1.0], [1.0, 2.0], [40.0, 3.0], [73.0, 1.0]], [[1.0, 2.0], [1.0, 1.0], [1.0, 1.0], [41.0, 3.0], [72.0, 1.0]], [[1.0, 3.0], [1.0, 1.0], [1.0, 1.0], [39.0, 2.0], [74.0, 1.0]], [[1.0, 3.0], [1.0, 1.0], [1.0, 1.0], [40.0, 2.0], [73.0, 1.0]], [[1.0, 3.0], [1.0, 1.0], [1.0, 1.0], [39.0, 2.0], [74.0, 1.0]], [[1.0, 1.0], [2.0, 1.0], [1.0, 2.0], [40.0, 3.0], [72.0, 1.0]], [[1.0, 1.0], [1.0, 2.0], [2.0, 1.0], [40.0, 3.0], [72.0, 1.0]], [[1.0, 2.0], [2.0, 1.0], [1.0, 1.0], [40.0, 3.0], [72.0, 1.0]], [[1.0, 1.0], [2.0, 1.0], [1.0, 2.0], [40.0, 3.0], [72.0, 1.0]], [[1.0, 2.0], [1.0, 1.0], [2.0, 1.0], [40.0, 3.0], [72.0, 1.0]], [[1.0, 2.0], [2.0, 1.0], [1.0, 1.0], [40.0, 3.0], [72.0, 1.0]], [[2.0, 1.0], [1.0, 2.0], [1.0, 1.0], [39.0, 3.0], [73.0, 1.0]], [[2.0, 1.0], [1.0, 1.0], [1.0, 2.0], [39.0, 3.0], [73.0, 1.0]]]}, "claude-sonnet-4-6": {"log_weights": [-0.2563320751508544, -2.9704835015731326, -3.1353360580637877, -3.2317070659776594, -3.5592625638099284, -4.0270724759177465, -4.499431569834491, -5.073819125826999, -5.5166216553508765, -5.539536778325887, -5.691592205474752, -5.848358100139377, -5.944956864454721, -6.1154010765087925, -6.222529970866775, -6.303113461000516, -6.380873955993354, -6.642839969757388, -6.667003692852509, -6.8278660756993546], "components": [[[1.0, 1.0], [1.0, 1.0], [1.0, 1.0], [18.0, 1.0], [1.0, 1.0]], [[1.0, 1.0], [1.0, 1.0], [1.0, 1.0], [17.0, 1.0], [2.0, 1.0]], [[1.0, 1.0], [1.0, 1.0], [1.0, 1.0], [17.0, 1.0], [2.0, 1.0]], [[1.0, 1.0], [1.0, 1.0], [1.0, 1.0], [17.0, 1.0], [2.0, 1.0]], [[1.0, 1.0], [1.0, 1.0], [1.0, 1.0], [17.0, 1.0], [2.0, 1.0]], [[1.0, 1.0], [1.0, 1.0], [1.0, 1.0], [17.0, 1.0], [2.0, 1.0]], [[1.0, 1.0], [1.0, 1.0], [1.0, 1.0], [17.0, 1.0], [2.0, 1.0]], [[1.0, 1.0], [1.0, 1.0], [1.0, 1.0], [17.0, 1.0], [2.0, 1.0]], [[1.0, 1.0], [1.0, 1.0], [1.0, 1.0], [16.0, 1.0], [3.0, 1.0]], [[1.0, 1.0], [1.0, 1.0], [1.0, 1.0], [16.0, 1.0], [3.0, 1.0]], [[1.0, 1.0], [1.0, 1.0], [1.0, 1.0], [17.0, 1.0], [2.0, 1.0]], [[1.0, 1.0], [1.0, 1.0], [1.0, 1.0], [16.0, 1.0], [3.0, 1.0]], [[1.0, 1.0], [1.0, 1.0], [1.0, 1.0], [16.0, 1.0], [3.0, 1.0]], [[1.0, 1.0], [1.0, 1.0], [1.0, 1.0], [16.0, 1.0], [3.0, 1.0]], [[1.0, 1.0], [1.0, 1.0], [1.0, 1.0], [16.0, 1.0], [3.0, 1.0]], [[1.0, 1.0], [1.0, 1.0], [1.0, 1.0], [17.0, 1.0], [2.0, 1.0]], [[1.0, 1.0], [1.0, 1.0], [1.0, 1.0], [16.0, 1.0], [3.0, 1.0]], [[1.0, 1.0], [1.0, 1.0], [1.0, 1.0], [16.0, 1.0], [3.0, 1.0]], [[1.0, 1.0], [1.0, 1.0], [1.0, 1.0], [16.0, 1.0], [3.0, 1.0]], [[1.0, 1.0], [1.0, 1.0], [1.0, 1.0], [17.0, 1.0], [2.0, 1.0]]]}, "claude-opus-4-6": {"log_weights": [0.0], "components": [[[1.0, 1.0], [1.0, 1.0], [1.0, 1.0], [1.0, 1.0], [1.0, 1.0]]]}, "gpt-4o-mini": {"log_weights": [0.0], "components": [[[1.0, 1.0], [1.0, 1.0], [1.0, 1.0], [1.0, 1.0], [1.0, 1.0]]]}, "gpt-4o": {"log_weights": [0.0], "components": [[[1.0, 1.0], [1.0, 1.0], [1.0, 1.0], [1.0, 1.0], [1.0, 1.0]]]}}, "cov_states": {"claude-haiku-4-5": {"log_weights": [-2.6224818636228973, -2.6745465812104467, -2.6775646188854, -2.811221593594578, -2.846422109255597, -2.8662949172828482, -2.8849936258459152, -2.901617780201818, -2.9863378401325043, -2.999366779344001, -3.007273679253624, -3.0952086505309615, -3.115374500861217, -3.159170233169623, -3.16950752128211, -3.1699924009633698, -3.2616421262389794, -3.2880825689754842, -3.322025857024634, -3.639579151798316], "components": [[[5.0, 5.0], [3.0, 7.0], [4.0, 6.0], [51.0, 1.9999999999999996], [80.0, 0.9999999999999998]], [[5.0, 5.0], [3.0, 7.0], [4.0, 6.0], [50.0, 1.9999999999999996], [81.0, 0.9999999999999998]], [[5.0, 5.0], [3.0, 7.0], [4.0, 6.0], [51.0, 1.9999999999999996], [80.0, 0.9999999999999998]], [[5.0, 5.0], [3.0, 7.0], [4.0, 6.0], [52.0, 1.9999999999999996], [79.0, 0.9999999999999998]], [[5.0, 5.0], [3.0, 7.0], [4.0, 6.0], [53.0, 1.9999999999999996], [78.0, 0.9999999999999998]], [[5.0, 5.0], [3.0, 7.0], [4.0, 6.0], [52.0, 1.9999999999999996], [79.0, 0.9999999999999998]], [[5.0, 5.0], [3.0, 7.0], [4.0, 6.0], [52.0, 1.9999999999999996], [79.0, 0.9999999999999998]], [[5.0, 5.0], [3.0, 7.0], [4.0, 6.0], [52.0, 1.9999999999999996], [79.0, 0.9999999999999998]], [[5.0, 5.0], [3.0, 7.0], [4.0, 6.0], [51.0, 1.9999999999999996], [80.0, 0.9999999999999998]], [[5.0, 5.0], [3.0, 7.0], [4.0, 6.0], [51.0, 1.9999999999999996], [80.0, 0.9999999999999998]], [[5.0, 5.0], [3.0, 7.0], [4.0, 6.0], [52.0, 1.9999999999999996], [79.0, 0.9999999999999998]], [[5.0, 5.0], [3.0, 7.0], [4.0, 6.0], [52.0, 1.9999999999999996], [79.0, 0.9999999999999998]], [[5.0, 5.0], [3.0, 7.0], [4.0, 6.0], [51.0, 1.9999999999999996], [80.0, 0.9999999999999998]], [[6.0, 5.0], [3.0, 7.0], [4.0, 6.0], [50.0, 1.9999999999999996], [80.0, 0.9999999999999998]], [[5.0, 5.0], [3.0, 7.0], [4.0, 6.0], [51.0, 1.9999999999999996], [80.0, 0.9999999999999998]], [[5.0, 5.0], [3.0, 7.0], [4.0, 6.0], [51.0, 1.9999999999999996], [80.0, 0.9999999999999998]], [[6.0, 5.0], [3.0, 7.0], [4.0, 6.0], [50.0, 1.9999999999999996], [80.0, 0.9999999999999998]], [[6.0, 5.0], [3.0, 7.0], [4.0, 6.0], [49.0, 1.9999999999999996], [81.0, 0.9999999999999998]], [[6.0, 5.0], [3.0, 7.0], [4.0, 6.0], [50.0, 1.9999999999999996], [80.0, 0.9999999999999998]], [[5.0, 5.0], [3.0, 7.0], [5.0, 6.0], [49.0, 1.9999999999999996], [81.0, 0.9999999999999998]]]}, "claude-sonnet-4-6": {"log_weights": [-0.309259908305612, -2.6768664983957056, -2.8433001540568372, -3.067985774904698, -3.544998356011506, -4.004122455783077, -4.592808871808919, -5.172620317654342, -5.280689819529914, -5.4874745980923265, -5.532298030857223, -5.83751261167828, -5.936132117400485, -6.058401708098192, -6.315912607177885, -6.441718515925988, -6.47702699480246, -6.477636078092864, -6.799725725099418, -7.0028150057655205],