{
    "auroc": 0.5892362512592484,
    "config": {
        "tiers": [
            "haiku",
            "sonnet",
            "opus"
        ],
        "tasks": 17,
        "features": [
            "difficulty",
            "category",
            "length"
        ],
        "seeds": 100,
        "train_frac": 0.6,
        "bins": 10,
        "pairs": 6300
    },
    "brier": 0.24287858596088088,
    "log_score": 0.6792109297319038,
    "ece": 0.07364564137344302
}