{
    "welfare_mean": {
        "cost-hawk": {
            "always-sonnet": -0.02657876249999995,
            "eu-max": 0.32465544499999993,
            "escalation-eu": 0.326830387,
            "clairvoyant-oracle": 0.7142377325,
            "threshold(RouteLLM)": 0.30724188049999995,
            "always-opus": -1.763717315,
            "best-fixed": 0.30724188049999995,
            "frugalgpt-cascade": -0.9781882655000002,
            "always-haiku": 0.36999061650000004,
            "argmax-accuracy": 0.35398023249999994
        },
        "quality-hawk": {
            "always-sonnet": 21.538421237499996,
            "eu-max": 18.796365158,
            "escalation-eu": 26.2868117345,
            "clairvoyant-oracle": 27.693822021499997,
            "threshold(RouteLLM)": 18.1672418805,
            "always-opus": 23.696282684999996,
            "best-fixed": 18.1672418805,
            "frugalgpt-cascade": 26.2868117345,
            "always-haiku": 18.2299906165,
            "argmax-accuracy": 18.213980232500003
        },
        "balanced": {
            "always-sonnet": 3.3784212375,
            "eu-max": 3.093367905,
            "escalation-eu": 3.4409610495000003,
            "clairvoyant-oracle": 4.7338220215,
            "threshold(RouteLLM)": 3.1272418805,
            "always-opus": 2.256282685,
            "best-fixed": 3.1272418805,
            "frugalgpt-cascade": 3.3268117345,
            "always-haiku": 3.1899906165000003,
            "argmax-accuracy": 3.1739802325000004
        }
    },
    "config": {
        "tiers": [
            "haiku",
            "sonnet",
            "opus"
        ],
        "tasks": 17,
        "features": [
            "difficulty",
            "category",
            "length"
        ],
        "seeds": 100,
        "train_frac": 0.6,
        "profiles": {
            "cost-hawk": 0.25,
            "quality-hawk": 5,
            "balanced": 1
        }
    },
    "cross_profile_worst_regret": {
        "always-sonnet": 6.155400784000001,
        "eu-max": 8.897456863499997,
        "escalation-eu": 1.4070102869999985,
        "clairvoyant-oracle": 0,
        "threshold(RouteLLM)": 9.526580140999997,
        "always-opus": 3.997539336500001,
        "best-fixed": 9.526580140999997,
        "frugalgpt-cascade": 1.692425998,
        "always-haiku": 9.463831404999997,
        "argmax-accuracy": 9.479841788999995
    },
    "cost_mean": {
        "cost-hawk": {
            "always-sonnet": 1.1615787624999998,
            "eu-max": 0.632844555,
            "escalation-eu": 0.6956696130000001,
            "clairvoyant-oracle": 0.4207622674999999,
            "threshold(RouteLLM)": 0.6327581195,
            "always-opus": 3.103717315000001,
            "best-fixed": 0.6327581195,
            "frugalgpt-cascade": 2.4131882655,
            "always-haiku": 0.5700093835,
            "argmax-accuracy": 0.5860197675000001
        },
        "quality-hawk": {
            "always-sonnet": 1.1615787624999998,
            "eu-max": 1.7036348420000003,
            "escalation-eu": 2.4131882655,
            "clairvoyant-oracle": 1.0061779785,
            "threshold(RouteLLM)": 0.6327581195,
            "always-opus": 3.103717315000001,
            "best-fixed": 0.6327581195,
            "frugalgpt-cascade": 2.4131882655,
            "always-haiku": 0.5700093835,
            "argmax-accuracy": 0.5860197675000001
        },
        "balanced": {
            "always-sonnet": 1.1615787624999998,
            "eu-max": 0.7066320949999999,
            "escalation-eu": 2.0290389505000004,
            "clairvoyant-oracle": 1.0061779785,
            "threshold(RouteLLM)": 0.6327581195,
            "always-opus": 3.103717315000001,
            "best-fixed": 0.6327581195,
            "frugalgpt-cascade": 2.4131882655,
            "always-haiku": 0.5700093835,
            "argmax-accuracy": 0.5860197675000001
        }
    },
    "solves_mean": {
        "cost-hawk": {
            "always-sonnet": 4.54,
            "eu-max": 3.83,
            "escalation-eu": 4.09,
            "clairvoyant-oracle": 4.54,
            "threshold(RouteLLM)": 3.76,
            "always-opus": 5.36,
            "best-fixed": 3.76,
            "frugalgpt-cascade": 5.74,
            "always-haiku": 3.76,
            "argmax-accuracy": 3.76
        },
        "quality-hawk": {
            "always-sonnet": 4.54,
            "eu-max": 4.1,
            "escalation-eu": 5.74,
            "clairvoyant-oracle": 5.74,
            "threshold(RouteLLM)": 3.76,
            "always-opus": 5.36,
            "best-fixed": 3.76,
            "frugalgpt-cascade": 5.74,
            "always-haiku": 3.76,
            "argmax-accuracy": 3.76
        },
        "balanced": {
            "always-sonnet": 4.54,
            "eu-max": 3.8,
            "escalation-eu": 5.47,
            "clairvoyant-oracle": 5.74,
            "threshold(RouteLLM)": 3.76,
            "always-opus": 5.36,
            "best-fixed": 3.76,
            "frugalgpt-cascade": 5.74,
            "always-haiku": 3.76,
            "argmax-accuracy": 3.76
        }
    }
}